SampleID,MSU locus,WT,Guide_PAM_5prime,R1_primer_seq,R2_primer_seq,Details
SY16011-USR-32598-002,LOC_Os08g10320,GTGTTGTCTGAACCATCCTTCGTTCTTTTGTGTAAAAAAAAATAGGCATGTGGGATTCAATGCACTCTCAGGACCAATTCCGAAGGAACTTG,GTGGGATTCAATGCACTCTCAGG,GTTCTTGCAGTATTAATCAGTTGAT,AAGTTGAGGTTCGTGAGATTCC,RM009-10;R103;LRR-VIII
SY16011-USR-32598-010,LOC_Os08g10300,TCCTGTGCTGGCTGGTGATCGCGTGCTCATGGGTTGCAGTAGCTCGAGCTCAGGCTCAGAAGCCGGCAGGAGCA,GCTGGTGATCGCGTGCTCATGGG,CCATGGTGGTCATCAGCTCA,CCTTCGACTGGATCAGTTGT,RM009-12;R106;LRR-VIII
SY16011-USR-32598-011,LOC_Os08g10300,TCCTGTGCTGGCTGGTGATCGCGTGCTCATGGGTTGCAGTAGCTCGAGCTCAGGCTCAGAAGCCGGCAGGAGCA,GCTGGTGATCGCGTGCTCATGGG,CCATGGTGGTCATCAGCTCA,CCTTCGACTGGATCAGTTGT,RM009-15;R106;LRR-VIII
SY16011-USR-32598-012,LOC_Os08g10300,TCCTGTGCTGGCTGGTGATCGCGTGCTCATGGGTTGCAGTAGCTCGAGCTCAGGCTCAGAAGCCGGCAGGAGCA,GCTGGTGATCGCGTGCTCATGGG,CCATGGTGGTCATCAGCTCA,CCTTCGACTGGATCAGTTGT,RM009-30;R106;LRR-VIII
SY16011-USR-32598-013,LOC_Os08g10290,TTTCAGGATGATGAGGAGGCGCTGCAGCGGCAGCCATGGCAGGCAGCTGCTGCTCCTGTATTGGCTGGTGATCGCGTGTTCTTGGGTTGCAGCTGCTCAGGCTCAGCAAGCTCCAAGAA,GCTGCTGCTCCTGTATTGGCTGG,GACGACGCAGCAGAGAGATT,ACACATACCTTCAACTGGATCAG,RM009-22;R107;LRR-VIII
SY16011-USR-32598-014,LOC_Os08g10290,TTTCAGGATGATGAGGAGGCGCTGCAGCGGCAGCCATGGCAGGCAGCTGCTGCTCCTGTATTGGCTGGTGATCGCGTGTTCTTGGGTTGCAGCTGCTCAGGCTCAGCAAGCTCCAAGAA,GCTGCTGCTCCTGTATTGGCTGG,GACGACGCAGCAGAGAGATT,ACACATACCTTCAACTGGATCAG,RM009-25;R107;LRR-VIII
SY16011-USR-32598-015,LOC_Os08g10290,TTTCAGGATGATGAGGAGGCGCTGCAGCGGCAGCCATGGCAGGCAGCTGCTGCTCCTGTATTGGCTGGTGATCGCGTGTTCTTGGGTTGCAGCTGCTCAGGCTCAGCAAGCTCCAAGAA,GCTGCTGCTCCTGTATTGGCTGG,GACGACGCAGCAGAGAGATT,ACACATACCTTCAACTGGATCAG,RM009-41;R107;LRR-VIII
SY16011-USR-32598-020,LOC_Os04g52600,TTTTTTTTTGCTGTGATGCAGGAAAATATATGCCTTAGATGTGCCTGGCACGATACCACAAGAGCTGCGGAACCTCACGCGCTT,ATATATGCCTTAGATGTGCCTGG,CCGATGCGCTAAATGGGATT,GTTCATTCGTACAGATGGGTC,RM010-05;R111;LRR-VIII
SY16011-USR-32598-021,LOC_Os04g52600,TTTTTTTTTGCTGTGATGCAGGAAAATATATGCCTTAGATGTGCCTGGCACGATACCACAAGAGCTGCGGAACCTCACGCGCTT,ATATATGCCTTAGATGTGCCTGG,CCGATGCGCTAAATGGGATT,GTTCATTCGTACAGATGGGTC,RM010-08;R111;LRR-VIII
SY16011-USR-32598-022,LOC_Os04g52600,TTTTTTTTTGCTGTGATGCAGGAAAATATATGCCTTAGATGTGCCTGGCACGATACCACAAGAGCTGCGGAACCTCACGCGCTT,ATATATGCCTTAGATGTGCCTGG,CCGATGCGCTAAATGGGATT,GTTCATTCGTACAGATGGGTC,RM010-23;R111;LRR-VIII
SY16011-USR-32598-023,LOC_Os04g52614,TGCATTTGCAGCGGCGGCGCTGAACGCGGTGTTCGCGAAGCTAGGGCAGCAGGC,ACGCGGTGTTCGCGAAGCTAGGG,CTTGGGATGTGGTGGTGTATT,TGAGGTTCCATGACGACTGC,RM010-01;R112;LRR-VIII
SY16011-USR-32598-024,LOC_Os04g52614,TGCATTTGCAGCGGCGGCGCTGAACGCGGTGTTCGCGAAGCTAGGGCAGCAGGC,ACGCGGTGTTCGCGAAGCTAGGG,CTTGGGATGTGGTGGTGTATT,TGAGGTTCCATGACGACTGC,RM010-12;R112;LRR-VIII
SY16011-USR-32598-027,LOC_Os04g52630,GCCTTGTGTAGGTGGAGATCGAGAGAGGCGATTAACGGCTCAATTAAGGAGAGAGAGAGATGAGGAGGTTCATCAGGTCGAGGGTGAGGAGGCAGATACACCT,TGAGGAGGTTCATCAGGTCGAGG,TTGAGCAGCTGCTTGGAGGA,TGAGCAACACAGAGCCATGG,RM010-17;R113;LRR-VIII
SY16011-USR-32598-028,LOC_Os04g52630,GCCTTGTGTAGGTGGAGATCGAGAGAGGCGATTAACGGCTCAATTAAGGAGAGAGAGAGATGAGGAGGTTCATCAGGTCGAGGGTGAGGAGGCAGATACACCT,TGAGGAGGTTCATCAGGTCGAGG,TTGAGCAGCTGCTTGGAGGA,TGAGCAACACAGAGCCATGG,RM010-34;R113;LRR-VIII
SY16011-USR-32598-029,LOC_Os04g52606,GCCTCCTTCGCTGTGAACTGTGGTGGCCCTCTCACCTCAGGCTCAGATAATTTGCGGTATCA,TGTGGTGGCCCTCTCACCTCAGG,GATGTAACTTGCCTGCAGCT,CTCCAAGATTGACTTCATCACTT,RM010-03;R114;LRR-VIII
SY16011-USR-32598-030,LOC_Os08g10150,CGAAGCGATGTCCACCTTGTTAGCCCACCTTGTTCGGCGGGAAGGATTCGGTGAACTGGCAGTTCACCTT,CCACCTTGTTAGCCCACCTTGTT,AACCAGAACCCGGACCAG,AGCTCAAGCAGCTGTTGAAC,RM010-18;R115;LRR-VIII
SY16011-USR-32598-031,LOC_Os08g10150,CGAAGCGATGTCCACCTTGTTAGCCCACCTTGTTCGGCGGGAAGGATTCGGTGAACTGGCAGTTCACCTT,CCACCTTGTTAGCCCACCTTGTT,AACCAGAACCCGGACCAG,AGCTCAAGCAGCTGTTGAAC,RM010-32;R115;LRR-VIII
SY16011-USR-32598-032,LOC_Os09g17630,GGCTAGAACAGCTTCCCTCCCTAGGCTCCTCCCAGCTGAAGGTATGCCTTATGCTACACTCTCTGCAGCTCCCCTAAATTGTTCTCTGTGGCCTGAT,CCCTAGGCTCCTCCCAGCTGAAG,GAGGTCCATCATGGCTCAGG,ACAAGTGAGAGAACCAAAGC,RM010-22;R116;LRR-VIII
SY16011-USR-32598-033,LOC_Os09g17630,GGCTAGAACAGCTTCCCTCCCTAGGCTCCTCCCAGCTGAAGGTATGCCTTATGCTACACTCTCTGCAGCTCCCCTAAATTGTTCTCTGTGGCCTGAT,CCCTAGGCTCCTCCCAGCTGAAG,GAGGTCCATCATGGCTCAGG,ACAAGTGAGAGAACCAAAGC,RM010-37;R116;LRR-VIII
SY16011-USR-32598-034,LOC_Os09g17630,GGCTAGAACAGCTTCCCTCCCTAGGCTCCTCCCAGCTGAAGGTATGCCTTATGCTACACTCTCTGCAGCTCCCCTAAATTGTTCTCTGTGGCCTGAT,CCCTAGGCTCCTCCCAGCTGAAG,GAGGTCCATCATGGCTCAGG,ACAAGTGAGAGAACCAAAGC,RM010-38;R116;LRR-VIII
SY16011-USR-32598-035,LOC_Os03g15770,GTTCCAAGAAGGTCACCGGATTTGGCGCATGGGGGTCTCCGCCAGCTGCTTGTGGGGTGGCTCCGAGTCGAGGGGGAACCAAAATGGTTCTGCTGCGGTGACGTCTCCTCGTTCAGGTATAGTATTTC,TGGGGTGGCTCCGAGTCGAGGGG,GGAACTGGCTTCGCATTGAG,TGATCTCTGGAACCAAGTGAGT,RM010-31;R117;LRR-VIII
SY16011-USR-32598-036,LOC_Os03g15770,GTTCCAAGAAGGTCACCGGATTTGGCGCATGGGGGTCTCCGCCAGCTGCTTGTGGGGTGGCTCCGAGTCGAGGGGGAACCAAAATGGTTCTGCTGCGGTGACGTCTCCTCGTTCAGGTATAGTATTTC,TGGGGTGGCTCCGAGTCGAGGGG,GGAACTGGCTTCGCATTGAG,TGATCTCTGGAACCAAGTGAGT,RM010-33;R117;LRR-VIII
SY16011-USR-32598-037,LOC_Os03g15770,GTTCCAAGAAGGTCACCGGATTTGGCGCATGGGGGTCTCCGCCAGCTGCTTGTGGGGTGGCTCCGAGTCGAGGGGGAACCAAAATGGTTCTGCTGCGGTGACGTCTCCTCGTTCAGGTATAGTATTTC,TGGGGTGGCTCCGAGTCGAGGGG,GGAACTGGCTTCGCATTGAG,TGATCTCTGGAACCAAGTGAGT,RM010-35;R117;LRR-VIII
SY16011-USR-32598-039,LOC_Os02g42620,ACAACTTCGACGATGGCAACAAGATAGGCCGAGGTGGATTTGGAACTGT,GATGGCAACAAGATAGGCCGAGG,AGAGATCAGAGCAGCAACAA,AGTAGTATCTTGGCTACCTTGTAC,RM010-06;R119;LRR-VIII
SY16011-USR-32598-040,LOC_Os12g41710,TCCCGGGCAACATGACGCATATCAGCACCAGGGTTGCAGGAACACTGTAAGCAGAGGCATTTTCTTGTTGCTCT,CCAGGGTTGCAGGAACACTGTAA,TTGGGCTGGCAAAGCTTT,ATGCATGAAAGATCAAAGCTGA,RM010-04;R120;LRR-VIII
SY16011-USR-32598-041,LOC_Os12g41710,TCCCGGGCAACATGACGCATATCAGCACCAGGGTTGCAGGAACACTGTAAGCAGAGGCATTTTCTTGTTGCTCT,CCAGGGTTGCAGGAACACTGTAA,TTGGGCTGGCAAAGCTTT,ATGCATGAAAGATCAAAGCTGA,RM010-29;R120;LRR-VIII
SY16011-USR-32598-042,LOC_Os08g10070,ATGAACTGACAGCAATTTCCGATGTGATGCATGAAAACCTAATTACGTTAGTCGGCTGCTGTGCTGAAGGGTCTCATAGGATCCTTGTATACAATTATCTT,CCTAATTACGTTAGTCGGCTGCT,AGGCGTCCGTGAGTTCATTA,TGTTGAAGGCTGTTGTTCTC,RM011-08;R121;LRR-VIII
SY16011-USR-32598-043,LOC_Os08g10070,ATGAACTGACAGCAATTTCCGATGTGATGCATGAAAACCTAATTACGTTAGTCGGCTGCTGTGCTGAAGGGTCTCATAGGATCCTTGTATACAATTATCTT,CCTAATTACGTTAGTCGGCTGCT,AGGCGTCCGTGAGTTCATTA,TGTTGAAGGCTGTTGTTCTC,RM011-09;R121;LRR-VIII
SY16011-USR-32598-044,LOC_Os08g10070,ATGAACTGACAGCAATTTCCGATGTGATGCATGAAAACCTAATTACGTTAGTCGGCTGCTGTGCTGAAGGGTCTCATAGGATCCTTGTATACAATTATCTT,CCTAATTACGTTAGTCGGCTGCT,AGGCGTCCGTGAGTTCATTA,TGTTGAAGGCTGTTGTTCTC,RM011-14;R121;LRR-VIII
SY16011-USR-32598-045,LOC_Os04g52840,TAGTGTCAAAACAAATCATCTTACATTTCATTTTGTTAATCAGGGAGTGCTTAGAGATGGGACAACCGTTGCCGTAAAGGTGCTGTC,TGGGACAACCGTTGCCGTAAAGG,CCTATCAGTGTCTCATGCCCA,CGCCTTGTCTTGAAGTAGCA,RM011-02;R122;LRR-VIII
SY16011-USR-32598-046,LOC_Os04g52840,TAGTGTCAAAACAAATCATCTTACATTTCATTTTGTTAATCAGGGAGTGCTTAGAGATGGGACAACCGTTGCCGTAAAGGTGCTGTC,TGGGACAACCGTTGCCGTAAAGG,CCTATCAGTGTCTCATGCCCA,CGCCTTGTCTTGAAGTAGCA,RM011-22;R122;LRR-VIII
SY16011-USR-32598-047,LOC_Os06g46330,GCAGCAACAAAGTGATCCATATAATGAAGGTTACCAATTTTACACCAAAATTTTTGTACGATTTCACAATCTGAAATTCTGGATTATGATATGTCCTTCCTGA,CCATATAATGAAGGTTACCAATT,TTCAAGAGGTCAAGGACCGG,GAGATGCTGGCTGATGAAATGT,RM011-11;R123;LRR-VIII
SY16011-USR-32598-048,LOC_Os02g06930,ATGGAAAGCTTGTTGCCGTCAAGGTGCTATCTTTAGAGTCAAGACAGGGAGCGAAGGAAT,GCTATCTTTAGAGTCAAGACAGG,GGTGCAGGGAAAGCTAAGGA,ATTGCCATGAGTTCGTTCAGAA,RM011-07;R124;LRR-VIII
SY16011-USR-32598-049,LOC_Os02g06930,ATGGAAAGCTTGTTGCCGTCAAGGTGCTATCTTTAGAGTCAAGACAGGGAGCGAAGGAAT,GCTATCTTTAGAGTCAAGACAGG,GGTGCAGGGAAAGCTAAGGA,ATTGCCATGAGTTCGTTCAGAA,RM011-30;R124;LRR-VIII
SY16011-USR-32598-050,LOC_Os01g72990,AGGCAATCTGATAGATCCGCAAGGACGTCTAAACAACTGGAACCGTGGAGATCCGTGCATGGGAAATTGGTCTTATGTTCACTGTT,CGTCTAAACAACTGGAACCGTGG,AGTTGATGCTCTGAAAGCTATCAA,CCATCACTTGCTGTTTCATTGT,RM011-13;R125;LRR-VIII
SY16011-USR-32598-051,LOC_Os01g72990,AGGCAATCTGATAGATCCGCAAGGACGTCTAAACAACTGGAACCGTGGAGATCCGTGCATGGGAAATTGGTCTTATGTTCACTGTT,CGTCTAAACAACTGGAACCGTGG,AGTTGATGCTCTGAAAGCTATCAA,CCATCACTTGCTGTTTCATTGT,RM011-17;R125;LRR-VIII
SY16011-USR-32598-052,LOC_Os01g72990,AGGCAATCTGATAGATCCGCAAGGACGTCTAAACAACTGGAACCGTGGAGATCCGTGCATGGGAAATTGGTCTTATGTTCACTGTT,CGTCTAAACAACTGGAACCGTGG,AGTTGATGCTCTGAAAGCTATCAA,CCATCACTTGCTGTTTCATTGT,RM011-19;R125;LRR-VIII
SY16011-USR-32598-053,LOC_Os05g40270,TTTTACCAGATGAGATTGGCAACCTTCAAAGCTTAACAAGGTTACAGGTTGACCAAAACCATCTATCCGGCGCAATACCTAAATCATTTGCCAACTTAAG,TCAAAGCTTAACAAGGTTACAGG,TGGAAATCAGCTCTCTGGTC,TCCTTACAGATGCTTCACACTT,RM011-18;R126;LRR-VIII
SY16011-USR-32598-054,LOC_Os05g40270,TTTTACCAGATGAGATTGGCAACCTTCAAAGCTTAACAAGGTTACAGGTTGACCAAAACCATCTATCCGGCGCAATACCTAAATCATTTGCCAACTTAAG,TCAAAGCTTAACAAGGTTACAGG,TGGAAATCAGCTCTCTGGTC,TCCTTACAGATGCTTCACACTT,RM011-26;R126;LRR-VIII
SY16011-USR-32598-055,LOC_Os03g21230,GCAGCAGCTCGCACGCAGCTCATCGTGTCGTCTGCATGCATGGCGGCACCGGTGCCCGGAGGCTGTGCGAGGATGAGACGGGTGGTTCTCGGCGTCGTGCTGCTGCTCTCGGTGTGCGTCCGAGCAAGCCATGCC,GAGGCTGTGCGAGGATGAGACGG,AACCGCACCTCTGGTAGCA,CTGTCCTGGCTATCCGTCAC,RM011-03;R128;LRR-VIII
SY16011-USR-32598-056,LOC_Os01g60060,AATTGGCAGAATGAACCGCAAAGCTGGATGGGATCGACTGATCCCTGCACCTCCTGGGATGGAATTTCCTGTTCCAATGGGAGGGTGACAGAAATGTGAGTGATCAACTTCGATTCATCATATTTGTACTTATTTTTGAGA,GAATTTCCTGTTCCAATGGGAGG,GCACTCCAGGCATTGATGAAG,CCAGGTTTCGGTGTAGTTCTTG,RM011-21;R129;LRR-VIII
SY16011-USR-32598-057,LOC_Os01g60060,AATTGGCAGAATGAACCGCAAAGCTGGATGGGATCGACTGATCCCTGCACCTCCTGGGATGGAATTTCCTGTTCCAATGGGAGGGTGACAGAAATGTGAGTGATCAACTTCGATTCATCATATTTGTACTTATTTTTGAGA,GAATTTCCTGTTCCAATGGGAGG,GCACTCCAGGCATTGATGAAG,CCAGGTTTCGGTGTAGTTCTTG,RM011-27;R129;LRR-VIII
SY16011-USR-32598-058,LOC_Os05g40770,CATTTGATCCTTCAGTGGCCCCCAGCTGGTTCACATCTTTAACATCTCTT,CCTTCAGTGGCCCCCAGCTGGTT,CCAGGGATTTGAGCAACAACA,TTGGATAACTCACACAGAAGC,RM011-16;R130;LRR-VIII
SY16011-USR-32598-059,LOC_Os05g40770,CATTTGATCCTTCAGTGGCCCCCAGCTGGTTCACATCTTTAACATCTCTT,CCTTCAGTGGCCCCCAGCTGGTT,CCAGGGATTTGAGCAACAACA,TTGGATAACTCACACAGAAGC,RM011-29;R130;LRR-VIII
SY16011-USR-32598-060,LOC_Os05g40770,CATTTGATCCTTCAGTGGCCCCCAGCTGGTTCACATCTTTAACATCTCTT,CCTTCAGTGGCCCCCAGCTGGTT,CCAGGGATTTGAGCAACAACA,TTGGATAACTCACACAGAAGC,RM011-31;R130;LRR-VIII
SY16011-USR-32598-062,LOC_Os12g10740,AAGCTTTTGTCGCTTCGGCCGATACGAACGCACAGGACAGTAAGTATAGTTTCAGTTCTTCAAAAGTATATGTTACTACAGTGCTAATTTTGCTCAGTTTGC,TTCGGCCGATACGAACGCACAGG,CTTCTTGTTGATTGTTCTTGTGC,GCAGGCATAGACAAGATGAACA,RM011-12;R131;LRR-VIII
SY16011-USR-32598-063,LOC_Os11g14050,GCTGTCAAGTTTTGGATTGTCCGGATCACTTTCAGGTGACATACAGTCATTGTCAGAATTACAGTACCTGTATGTGCTACTATCTTGTCAAATTCGTGCTAAGCTT,GGATTGTCCGGATCACTTTCAGG,TCTCGGATGGTTTGCAGAAG,AGGTCTTGTTTATAGCACTGGA,RM011-04;R132;LRR-VIII
SY16011-USR-32598-064,LOC_Os11g14050,GCTGTCAAGTTTTGGATTGTCCGGATCACTTTCAGGTGACATACAGTCATTGTCAGAATTACAGTACCTGTATGTGCTACTATCTTGTCAAATTCGTGCTAAGCTT,GGATTGTCCGGATCACTTTCAGG,TCTCGGATGGTTTGCAGAAG,AGGTCTTGTTTATAGCACTGGA,RM011-05;R132;LRR-VIII
SY16011-USR-32598-065,LOC_Os11g14050,GCTGTCAAGTTTTGGATTGTCCGGATCACTTTCAGGTGACATACAGTCATTGTCAGAATTACAGTACCTGTATGTGCTACTATCTTGTCAAATTCGTGCTAAGCTT,GGATTGTCCGGATCACTTTCAGG,TCTCGGATGGTTTGCAGAAG,AGGTCTTGTTTATAGCACTGGA,RM011-06;R132;LRR-VIII
SY16011-USR-32598-069,LOC_Os03g49620,GATTCACTGGAGTTCTATCACCACGAATTGGAGAGCTTCAGTTTTTGAATGTTTTGTAAGTGTACTTGTGTTGATTGTTGGAATTTCTCT,CCACGAATTGGAGAGCTTCAGTT,GCAGAACATTGGCATCTATGG,TCACAACTACCACCAAATATCTG,RM039-20;R457;LRR-II
SY16011-USR-32598-070,LOC_Os03g49620,GATTCACTGGAGTTCTATCACCACGAATTGGAGAGCTTCAGTTTTTGAATGTTTTGTAAGTGTACTTGTGTTGATTGTTGGAATTTCTCT,CCACGAATTGGAGAGCTTCAGTT,GCAGAACATTGGCATCTATGG,TCACAACTACCACCAAATATCTG,RM039-44;R457;LRR-II
SY16011-USR-32598-071,LOC_Os03g49620,GATTCACTGGAGTTCTATCACCACGAATTGGAGAGCTTCAGTTTTTGAATGTTTTGTAAGTGTACTTGTGTTGATTGTTGGAATTTCTCT,CCACGAATTGGAGAGCTTCAGTT,GCAGAACATTGGCATCTATGG,TCACAACTACCACCAAATATCTG,RM039-55;R457;LRR-II
SY16011-USR-32598-072,LOC_Os02g18320,ATGAAACAAAAACTGAATGTTACTGGCAATCAGCTTTCGGATTGGAACCAAAATCAA,CTGGCAATCAGCTTTCGGATTGG,ACCAGGAGATGCCTTATATGAT,AATTCCATGTACAAGGGTTGAC,RM039-09;R458;LRR-II
SY16011-USR-32598-075,LOC_Os01g07630,CCCAGCCAAAGCTTGTCAGGCAAATTATCCCCCGGAATTGGGAACCTCACCAGGCT,GGCAAATTATCCCCCGGAATTGG,TCTTTGCTTGCAGAGGTCTG,AGTGACAGCTTACACAGATTGC,RM039-06;R460;LRR-II
SY16011-USR-32598-080,LOC_Os08g34380,GTTGTATTTGGCGCGGCGAATGCGCGTGCAGTGGAGGCGCTGATCGCCATCAGGCAGGGGCTGGTCGACCCGCACGGCGTGCTG,CAGGGGCTGGTCGACCCGCACGG,GCTGATGAGACCGCATGTTG,GAGTCCTCGTCCCAGTTGTT,RM039-16;R463;LRR-II
SY16011-USR-32598-081,LOC_Os08g34380,GTTGTATTTGGCGCGGCGAATGCGCGTGCAGTGGAGGCGCTGATCGCCATCAGGCAGGGGCTGGTCGACCCGCACGGCGTGCTG,CAGGGGCTGGTCGACCCGCACGG,GCTGATGAGACCGCATGTTG,GAGTCCTCGTCCCAGTTGTT,RM039-35;R463;LRR-II
SY16011-USR-32598-082,LOC_Os06g12120,GCCGGCGGCAACGCGGCGTTCCAGAGCTGGGACGCGTCCGCGCCCAACCCTTGCACCTGGTTCCATGTCACCTGTGGCCCGGGGAACCAGGTCATCAGGCTGTAAG,CCGCGCCCAACCCTTGCACCTGG,AGGGTTTCATGGCAGGGTTC,GCAGCAGGTAGTACAGTAGATG,RM039-32;R464;LRR-II
SY16011-USR-32598-083,LOC_Os06g12120,GCCGGCGGCAACGCGGCGTTCCAGAGCTGGGACGCGTCCGCGCCCAACCCTTGCACCTGGTTCCATGTCACCTGTGGCCCGGGGAACCAGGTCATCAGGCTGTAAG,CCGCGCCCAACCCTTGCACCTGG,AGGGTTTCATGGCAGGGTTC,GCAGCAGGTAGTACAGTAGATG,RM039-37;R464;LRR-II
SY16011-USR-32598-084,LOC_Os08g07890,TAATTTTATTGGTCTGGTAGCCAGCTGTACCACTTCTGATATTGACCCTAGGCTTCCAGCACTCTACGTTGAGGTTGATGAGCTTGTGGGAATCAATGGACCAAAGGAGCATAT,CCAGCACTCTACGTTGAGGTTGA,AGCAAGAGGCACAAGAGGTA,CCTTGGCAAACCACTCCATG,RM039-12;R465;LRR-II
SY16011-USR-32598-085,LOC_Os08g07890,TAATTTTATTGGTCTGGTAGCCAGCTGTACCACTTCTGATATTGACCCTAGGCTTCCAGCACTCTACGTTGAGGTTGATGAGCTTGTGGGAATCAATGGACCAAAGGAGCATAT,CCAGCACTCTACGTTGAGGTTGA,AGCAAGAGGCACAAGAGGTA,CCTTGGCAAACCACTCCATG,RM039-25;R465;LRR-II
SY16011-USR-32598-086,LOC_Os08g07890,TAATTTTATTGGTCTGGTAGCCAGCTGTACCACTTCTGATATTGACCCTAGGCTTCCAGCACTCTACGTTGAGGTTGATGAGCTTGTGGGAATCAATGGACCAAAGGAGCATAT,CCAGCACTCTACGTTGAGGTTGA,AGCAAGAGGCACAAGAGGTA,CCTTGGCAAACCACTCCATG,RM039-45;R465;LRR-II
SY16011-USR-32598-087,LOC_Os04g38480,GCGGTGGCCGTGAGCCGGGTCGGCGCCAACACGGAGGGTTAGTGTGATTTTTCATCGAATTCAGCTCCGTTTTTCGGCGGATTACGCCCACCCCTATTT,CCAACACGGAGGGTTAGTGTGAT,CCGTTCGTGTGGGTGGTG,CGAATCCGAAAGCAAGTCCAA,RM039-14;R467;LRR-II
SY16011-USR-32598-088,LOC_Os04g38480,GCGGTGGCCGTGAGCCGGGTCGGCGCCAACACGGAGGGTTAGTGTGATTTTTCATCGAATTCAGCTCCGTTTTTCGGCGGATTACGCCCACCCCTATTT,CCAACACGGAGGGTTAGTGTGAT,CCGTTCGTGTGGGTGGTG,CGAATCCGAAAGCAAGTCCAA,RM039-48;R467;LRR-II
SY16011-USR-32598-089,LOC_Os04g38480,GCGGTGGCCGTGAGCCGGGTCGGCGCCAACACGGAGGGTTAGTGTGATTTTTCATCGAATTCAGCTCCGTTTTTCGGCGGATTACGCCCACCCCTATTT,CCAACACGGAGGGTTAGTGTGAT,CCGTTCGTGTGGGTGGTG,CGAATCCGAAAGCAAGTCCAA,RM039-57;R467;LRR-II
SY16011-USR-32598-090,LOC_Os11g39370,TTATTTTTTTGTTCCTAGATTATTGAATGATAACAACATAACCGGAGGAATTCCACA,AATGATAACAACATAACCGGAGG,AAGATCTACTTTGTGGTTCGTT,GCTTGATAGGTTCCCTAACTCT,RM039-11;R468;LRR-II
SY16011-USR-32598-091,LOC_Os11g39370,TTATTTTTTTGTTCCTAGATTATTGAATGATAACAACATAACCGGAGGAATTCCACA,AATGATAACAACATAACCGGAGG,AAGATCTACTTTGTGGTTCGTT,GCTTGATAGGTTCCCTAACTCT,RM039-29;R468;LRR-II
SY16011-USR-32598-092,LOC_Os06g36270,GCCACCACCGGCGGCGGCGGCGGCGCCGGCGTGGTGACGGAGCTGTCCCTGCACGACATGAACCTCACCGGGACGGTGCCCACGGCGGTGTGCGACCTCGCGAGCCTGACGCGGCTCGACC,CTGCACGACATGAACCTCACCGG,AAGGCGTGACCTGCTCTAAT,GGTGAGCTGGTTGTTGGAGA,RM041-18;R482;LRR-XV
SY16011-USR-32598-093,LOC_Os02g13510,AGATTGGGACAACCCAGCTCCACTCAGTTCATGGAGCAGCACCGGCAACTGGACTGGTGTTATCAGTAGCAGCACAGGTCAGGTCACTGGCCTCTCCTTG,TATCAGTAGCAGCACAGGTCAGG,AACTACTCCTAGCAATCAAGCA,CTGGCTATATGGAGACTTGG,RM041-03;R483;LRR-XV
SY16012-USR-32598-096,LOC_Os04g22470,TAACTATTCTTAATTATTTAAAGGGCATTGGGTTTCAATCCACTATCTGGACCACTTCCAAAGGAACTTGGAAACCTCACCAATCTTATTTCATTGTAAGAAATATTTTCTCATATGCGGATTAATCTTC,CCACTATCTGGACCACTTCCAAA,CATCCATTGATCGTTATTGTTTCT,TAATTTGGAACAGAAGGAGCAG,RM009-09;R97;LRR-VIII
SY16012-USR-32598-097,LOC_Os04g22470,TAACTATTCTTAATTATTTAAAGGGCATTGGGTTTCAATCCACTATCTGGACCACTTCCAAAGGAACTTGGAAACCTCACCAATCTTATTTCATTGTAAGAAATATTTTCTCATATGCGGATTAATCTTC,CCACTATCTGGACCACTTCCAAA,CATCCATTGATCGTTATTGTTTCT,TAATTTGGAACAGAAGGAGCAG,RM009-17;R97;LRR-VIII
SY16012-USR-32598-098,LOC_Os04g22470,TAACTATTCTTAATTATTTAAAGGGCATTGGGTTTCAATCCACTATCTGGACCACTTCCAAAGGAACTTGGAAACCTCACCAATCTTATTTCATTGTAAGAAATATTTTCTCATATGCGGATTAATCTTC,CCACTATCTGGACCACTTCCAAA,CATCCATTGATCGTTATTGTTTCT,TAATTTGGAACAGAAGGAGCAG,RM009-42;R97;LRR-VIII
SY16012-USR-32598-099,LOC_Os05g17810,AATACTCATATGTCAGCAATACTATGTAACAAGATATGTTATATGTTGGCCTTTGCTGACATATCTGTAGCAGGCTACCTTGTGACATGGTGTA,CCTTTGCTGACATATCTGTAGCA,TTGGCAAACCATATGTCAGC,TAGTAGTGCCACACCCTCAC,RM009-03;R98;LRR-VIII
SY16012-USR-32598-100,LOC_Os05g17810,AATACTCATATGTCAGCAATACTATGTAACAAGATATGTTATATGTTGGCCTTTGCTGACATATCTGTAGCAGGCTACCTTGTGACATGGTGTA,CCTTTGCTGACATATCTGTAGCA,TTGGCAAACCATATGTCAGC,TAGTAGTGCCACACCCTCAC,RM009-35;R98;LRR-VIII
SY16012-USR-32598-101,LOC_Os05g17810,AATACTCATATGTCAGCAATACTATGTAACAAGATATGTTATATGTTGGCCTTTGCTGACATATCTGTAGCAGGCTACCTTGTGACATGGTGTA,CCTTTGCTGACATATCTGTAGCA,TTGGCAAACCATATGTCAGC,TAGTAGTGCCACACCCTCAC,RM009-44;R98;LRR-VIII
SY16012-USR-32598-102,LOC_Os05g17604,TTTTTTCTTACTTTATAAAGGTTGAATGTCCCTAACTTTTTTTCTAAAATAATGAGCTTGTAGTGCTTTCCACGGAAACTCCTTTGAAGGACCAGTCCCAGAAAGTCTGTCTAATCTGACCAAATTAACAAGATTGTAAGTATACTCTTTT,CCACGGAAACTCCTTTGAAGGAC,TTAAGAATGCTCACACAGAGATT,ACCTTCAAGAGTTCATGCCACA,RM009-13;R99;LRR-VIII
SY16012-USR-32598-103,LOC_Os05g17604,TTTTTTCTTACTTTATAAAGGTTGAATGTCCCTAACTTTTTTTCTAAAATAATGAGCTTGTAGTGCTTTCCACGGAAACTCCTTTGAAGGACCAGTCCCAGAAAGTCTGTCTAATCTGACCAAATTAACAAGATTGTAAGTATACTCTTTT,CCACGGAAACTCCTTTGAAGGAC,TTAAGAATGCTCACACAGAGATT,ACCTTCAAGAGTTCATGCCACA,RM009-16;R99;LRR-VIII
SY16012-USR-32598-104,LOC_Os05g17604,TTTTTTCTTACTTTATAAAGGTTGAATGTCCCTAACTTTTTTTCTAAAATAATGAGCTTGTAGTGCTTTCCACGGAAACTCCTTTGAAGGACCAGTCCCAGAAAGTCTGTCTAATCTGACCAAATTAACAAGATTGTAAGTATACTCTTTT,CCACGGAAACTCCTTTGAAGGAC,TTAAGAATGCTCACACAGAGATT,ACCTTCAAGAGTTCATGCCACA,RM009-43;R99;LRR-VIII
SY16012-USR-32598-105,LOC_Os05g16930,TGCCTATCAGTGGCCAAGGTGGCACATGGGCATTGGGAGCCGTGCAGTGGTGCCGTTGGCAGGTGCGGCCTAGGTGGGCATTGGTATTCTCGAGCCTACAAGCCACG,CGTGCAGTGGTGCCGTTGGCAGG,GATGGATGGCAACCACATAA,CGGCACAACTGAAACTTAGG,RM009-01;R100;LRR-VIII
SY16012-USR-32598-106,LOC_Os05g16930,TGCCTATCAGTGGCCAAGGTGGCACATGGGCATTGGGAGCCGTGCAGTGGTGCCGTTGGCAGGTGCGGCCTAGGTGGGCATTGGTATTCTCGAGCCTACAAGCCACG,CGTGCAGTGGTGCCGTTGGCAGG,GATGGATGGCAACCACATAA,CGGCACAACTGAAACTTAGG,RM009-08;R100;LRR-VIII
SY16012-USR-32598-107,LOC_Os05g16930,TGCCTATCAGTGGCCAAGGTGGCACATGGGCATTGGGAGCCGTGCAGTGGTGCCGTTGGCAGGTGCGGCCTAGGTGGGCATTGGTATTCTCGAGCCTACAAGCCACG,CGTGCAGTGGTGCCGTTGGCAGG,GATGGATGGCAACCACATAA,CGGCACAACTGAAACTTAGG,RM009-14;R100;LRR-VIII
SY16012-USR-32598-108,LOC_Os05g16430,AAAATATTTCATCTTGATTCAGGGGCATCAGCTTGGACAATTTTACTGGTGAACTTCCTGAAGAGTTGGGCAACCTGACCAAACTTCAGCAGTTGTACTAAAAC,CCTGAAGAGTTGGGCAACCTGAC,CAATTCCTGTTTAGATTGCACCT,ATCGGAAGTTAGTGATGGGT,RM009-32;R102;LRR-VIII
SY16012-USR-32598-109,LOC_Os05g16430,AAAATATTTCATCTTGATTCAGGGGCATCAGCTTGGACAATTTTACTGGTGAACTTCCTGAAGAGTTGGGCAACCTGACCAAACTTCAGCAGTTGTACTAAAAC,CCTGAAGAGTTGGGCAACCTGAC,CAATTCCTGTTTAGATTGCACCT,ATCGGAAGTTAGTGATGGGT,RM009-40;R102;LRR-VIII
SY16235-USR-33088-008,LOC_Os02g12910,GTGATGAACACCAAATCCTCCTTGAGATCAAGAGACACTGGGGGAGCTCACCTGTTTTAGGTAGATGGAG,CCTTGAGATCAAGAGACACTGGG,CCGCAGTTGGTGAATCAATCTA,CAGTGAGCAGCAGAATTGGAG,RM041-14;R487;LRR-XV
SY16235-USR-33088-009,LOC_Os02g12910,GTGATGAACACCAAATCCTCCTTGAGATCAAGAGACACTGGGGGAGCTCACCTGTTTTAGGTAGATGGAG,CCTTGAGATCAAGAGACACTGGG,CCGCAGTTGGTGAATCAATCTA,CAGTGAGCAGCAGAATTGGAG,RM041-44;R487;LRR-XV
SY16235-USR-33088-010,LOC_Os06g36320,AATTGCACAGATGGCTTTGTTACAGGAATCTCACTTACTGGCCATGGACTCAACAACTTACCAGCGGCTATCTGTTCATT,GTTACAGGAATCTCACTTACTGG,TCAATGTAATTGGCCAGGTATC,CGATGTGTGAAAGTTTCGTC,RM041-06;R488;LRR-XV
SY16235-USR-33088-011,LOC_Os06g36320,AATTGCACAGATGGCTTTGTTACAGGAATCTCACTTACTGGCCATGGACTCAACAACTTACCAGCGGCTATCTGTTCATT,GTTACAGGAATCTCACTTACTGG,TCAATGTAATTGGCCAGGTATC,CGATGTGTGAAAGTTTCGTC,RM041-27;R488;LRR-XV
SY16235-USR-33088-012,LOC_Os06g36320,AATTGCACAGATGGCTTTGTTACAGGAATCTCACTTACTGGCCATGGACTCAACAACTTACCAGCGGCTATCTGTTCATT,GTTACAGGAATCTCACTTACTGG,TCAATGTAATTGGCCAGGTATC,CGATGTGTGAAAGTTTCGTC,RM041-53;R488;LRR-XV
SY16235-USR-33088-014,LOC_Os02g13410,CAAATCCGGTGGTCCCGGCCTCCAGGTGACTGGATCCGGCGCAGCTACGGAGAAAAAGCCCGAAGGCGACGAG,GGTCCCGGCCTCCAGGTGACTGG,AGCCCTGGCCTCAAGAAGAA,ACTCTCCTCCTCGCCATTTC,RM041-10;R490;LRR-XV
SY16235-USR-33088-017,LOC_Os02g05920,TTCTCACTGGGCTCTCGAAGGATGGTGGCCTGGGCATGTCATGGAAGAATGGCACGGACTGCTGCGCATGGGAAGGGATCACCTGCAACCCA,TGGCACGGACTGCTGCGCATGGG,GAGGAACTCACTCATCCAGT,ACACATCAGTAACCATCCTGTT,RM041-12;R492;LRR-XV
SY16235-USR-33088-018,LOC_Os07g41140,CCACCACCCACTGCCCCCACCCCAATGCGACGGCGGCCCCCGCCGCCGCCGCCTCCTCTCCTCCCCATGGCCACCCTCAACACCCAAACCCT,CTGCCCCCACCCCAATGCGACGG,CGCGGACCTAGCTAGCTC,CAGGAGGAGGAAGAGAGTGATT,RM042-19;R493;LRR-XV
SY16235-USR-33088-019,LOC_Os07g41140,CCACCACCCACTGCCCCCACCCCAATGCGACGGCGGCCCCCGCCGCCGCCGCCTCCTCTCCTCCCCATGGCCACCCTCAACACCCAAACCCT,CTGCCCCCACCCCAATGCGACGG,CGCGGACCTAGCTAGCTC,CAGGAGGAGGAAGAGAGTGATT,RM042-22;R493;LRR-XV
SY16235-USR-33088-020,LOC_Os07g41140,CCACCACCCACTGCCCCCACCCCAATGCGACGGCGGCCCCCGCCGCCGCCGCCTCCTCTCCTCCCCATGGCCACCCTCAACACCCAAACCCT,CTGCCCCCACCCCAATGCGACGG,CGCGGACCTAGCTAGCTC,CAGGAGGAGGAAGAGAGTGATT,RM042-35;R493;LRR-XV
SY16235-USR-33088-028,LOC_Os04g58910,CCTCCTCCTCCTCCTCCCGTCTCCAATGCCCTCCGCCTCCACTAGATGGCCGCCCTCTTCCTCCTCCTCCTCCTCCACGTATCAGACGCCGCCATCAACCCGGGCGAC,CCTCCACGTATCAGACGCCGCCA,TGCTTCCACAACTACAACCT,GTCGTGGAGCACGGACAG,RM042-26;R500;LRR-IX
SY16235-USR-33088-029,LOC_Os04g58910,CCTCCTCCTCCTCCTCCCGTCTCCAATGCCCTCCGCCTCCACTAGATGGCCGCCCTCTTCCTCCTCCTCCTCCTCCACGTATCAGACGCCGCCATCAACCCGGGCGAC,CCTCCACGTATCAGACGCCGCCA,TGCTTCCACAACTACAACCT,GTCGTGGAGCACGGACAG,RM042-40;R500;LRR-IX
SY16235-USR-33088-030,LOC_Os11g26130,GCCGACAGGGGGCTCTCCGGCACGCTCCCGGACTCGCTCTCCTCCCTCACCTCGCTCACCGCGCTGCAGCTCCAGGGGAACGCGCTCACCGGCGCCG,CCGGACTCGCTCTCCTCCCTCAC,AGGTGACGGAGCTCAACCTC,CATCCTGGCGAGGGAAGGGA,RM042-30;R501;LRR-IX
SY16235-USR-33088-031,LOC_Os06g42800,AAATTGGTGAAATGTTTGGAAACCTCACTGCACTTTCTGAACTGTAAGTCCTACAGGACCTT,CCTCACTGCACTTTCTGAACTGT,AGCCACAACTTACTATTTCAGG,GAGATAACAAGCCTTGCAAAGA,RM043-51;R515;LRR-V
SY16235-USR-33088-032,LOC_Os06g42800,AAATTGGTGAAATGTTTGGAAACCTCACTGCACTTTCTGAACTGTAAGTCCTACAGGACCTT,CCTCACTGCACTTTCTGAACTGT,AGCCACAACTTACTATTTCAGG,GAGATAACAAGCCTTGCAAAGA,RM043-53;R515;LRR-V
SY16235-USR-33088-034,LOC_Os03g27990,GGGGGTCACTGCCGACACTAGCTCAGACGACGGTTAGCTCCTCTTAATCTCGCATTTGCGTCCATTTTTCTTCAGCTCGAGCA,GCCGACACTAGCTCAGACGACGG,CTCATGGCCACAGCGTTCTT,GAGAAACCAAACCGAAACCG,RM044-21;R519;LRR-V
SY16235-USR-33088-035,LOC_Os03g27990,GGGGGTCACTGCCGACACTAGCTCAGACGACGGTTAGCTCCTCTTAATCTCGCATTTGCGTCCATTTTTCTTCAGCTCGAGCA,GCCGACACTAGCTCAGACGACGG,CTCATGGCCACAGCGTTCTT,GAGAAACCAAACCGAAACCG,RM044-24;R519;LRR-V
SY16235-USR-33088-036,LOC_Os03g27990,GGGGGTCACTGCCGACACTAGCTCAGACGACGGTTAGCTCCTCTTAATCTCGCATTTGCGTCCATTTTTCTTCAGCTCGAGCA,GCCGACACTAGCTCAGACGACGG,CTCATGGCCACAGCGTTCTT,GAGAAACCAAACCGAAACCG,RM044-28;R519;LRR-V
SY16235-USR-33088-039,LOC_Os03g08550,AAACAACCTTGGTGGTGGCCAACAGATACAGTACAATCTTCCCACTAATAAGCTTGAGAGGCTGTAAGTTCCTCAAATGAAGTTGTGGTTTAGAAAGTACATCAGCTTTT,CCAACAGATACAGTACAATCTTC,TAATGCAGCGATATGAGCCA,CTTAGCACACAGACACCAG,RM044-30;R522;LRR-V
SY16235-USR-33088-040,LOC_Os02g04430,TTCAGGCTGGTGATCTTGGTTCTGCTCCTCTCCTGCTCGCTTCAGCTGCTTCGCGCGTTTCCATTCCCCATCCCGTTCTTTGGCCCCTTCACGAGCCCACAAGACGGTATTTTTTTGCAACACTTGTCAGTTGTCACCAAGATTTTGATTTCAGACAAGATGATTT,CCCATCCCGTTCTTTGGCCCCTT,CAATTGGAAGCACAATGCAG,CAAGCGACGAAATCACATCA,RM044-11;R523;LRR-V
SY16235-USR-33088-041,LOC_Os07g37810,ACGGTGGCGACCCCTGCAATGAAGGCTGGCAGGGTGTTGAATGCGTGGTCTCAAATATTA,CTGGCAGGGTGTTGAATGCGTGG,AGTGCCTGGATGGATTACAA,GTAATAGCAGATCATACATGGAGG,RM044-27;R524;LRR-V
SY16235-USR-33088-042,LOC_Os06g45020,TTCTTTTATCTCATGGAAATCCTTTGTTTTGTTCTCATATTAACTCACCGTTTGTAGTACGATGAATGCTGCAAACTTGGGGGGTCAGCTTGGTGGCTTAGGGAACTTCACCTCCATCGT,GGGGTCAGCTTGGTGGCTTAGGG,TGTAGGTTCTTCATTGCGTT,TTCAACACCCTTACATGGTG,RM044-29;R525;LRR-V
SY16235-USR-33088-043,LOC_Os02g07960,CACCGGCTCTTCCTAAATGGACTGCGAATGGTGGTGACCCCTGTGGTGATGGTTGGCAGGGCGTTGTATGTATTGGCTCAAATATAGATTCAAT,GCGAATGGTGGTGACCCCTGTGG,GGACTGTATGTTGCACTTGGAT,GCAAATGTACAATGGACGTAC,RM044-32;R526;LRR-V
SY16235-USR-33088-044,LOC_Os09g18230,AACTATGGATGCAGATGGCTTCCTCAGCATTGACTGCGGGCTGGAGGGAGACAAAAATGGCTACACG,GGCTTCCTCAGCATTGACTGCGG,GTTGGGAACTAAACTAGGCCT,ACGATGCCATTGCTGTTGTC,RM045-05;R537;LRR-I
SY16235-USR-33088-045,LOC_Os09g18230,AACTATGGATGCAGATGGCTTCCTCAGCATTGACTGCGGGCTGGAGGGAGACAAAAATGGCTACACG,GGCTTCCTCAGCATTGACTGCGG,GTTGGGAACTAAACTAGGCCT,ACGATGCCATTGCTGTTGTC,RM045-09;R537;LRR-I
SY16235-USR-33088-046,LOC_Os09g18230,AACTATGGATGCAGATGGCTTCCTCAGCATTGACTGCGGGCTGGAGGGAGACAAAAATGGCTACACG,GGCTTCCTCAGCATTGACTGCGG,GTTGGGAACTAAACTAGGCCT,ACGATGCCATTGCTGTTGTC,RM045-14;R537;LRR-I
SY16235-USR-33088-047,LOC_Os09g18260,GCATTAGGTTTCCTAAGCATCGATTGCGGTCTGGAAGGAGACGACAGCTACCCGGATG,CCTAAGCATCGATTGCGGTCTGG,TCATTCCTCCATCCGTTTGC,ATAAGTAATGCCGGTCTGGT,RM045-34;R538;LRR-I
SY16235-USR-33088-048,LOC_Os09g18020,TTTCCTAAGTATCGACTGCGGCCTGGAGGCAGATGACAGCTACCCAGACGATCTCACCGGCATCACTTACGTCCCAGATGGCCATTACACCGACGCCGGCGAGAATCACAAGGTGACCACCG,CCCAGACGATCTCACCGGCATCA,TCTTTGGTGCACACAATAGG,CCACCAAGCATTGCGGTATA,RM045-39;R540;LRR-I
SY16235-USR-33088-049,LOC_Os09g18020,TTTCCTAAGTATCGACTGCGGCCTGGAGGCAGATGACAGCTACCCAGACGATCTCACCGGCATCACTTACGTCCCAGATGGCCATTACACCGACGCCGGCGAGAATCACAAGGTGACCACCG,CCCAGACGATCTCACCGGCATCA,TCTTTGGTGCACACAATAGG,CCACCAAGCATTGCGGTATA,RM045-49;R540;LRR-I
SY16235-USR-33088-050,LOC_Os09g19140,TTCTTGGCTTTCTTCGCCGTACTCGTCTTAGCAACGGCGGTCGTTCCTGCC,CCGTACTCGTCTTAGCAACGGCG,TTGTGGTCGATGCAATGGAG,AAGAAACCTTGCTGGCTGAC,RM046-13;R541;LRR-I
SY16235-USR-33088-051,LOC_Os09g19140,TTCTTGGCTTTCTTCGCCGTACTCGTCTTAGCAACGGCGGTCGTTCCTGCC,CCGTACTCGTCTTAGCAACGGCG,TTGTGGTCGATGCAATGGAG,AAGAAACCTTGCTGGCTGAC,RM046-18;R541;LRR-I
SY16235-USR-33088-053,LOC_Os09g18360,ATGTGTAGGTTTTGTGAGCATCGACTGCGGCAGGGAGGCCAACTACAGCGACTACAAGGACCCCAAGACCGGCATCGTCTACGTCTCCGACGAGCCGTACATCGACGCCGGCGCAGGGG,GACTACAAGGACCCCAAGACCGG,TTGCTCACTCTTCAGTTTCTTC,GCGGAGATCCGGTGATTCT,RM046-57;R542;LRR-I
SY16235-USR-33088-055,LOC_Os09g17910,CTGCGGCCTGGACGGCAACTATAGCAGCGGCTACAAGGACCCCGACGAAGGCATCACCTACGTCCCCGACGGCACGTACGTCGACGCCGGCGAGAACCACAGGGTGGCCGCCGACCGAGAGAGCGGGCGGCTGCGC,CCCGACGAAGGCATCACCTACGT,GCAGGTTTCCTCAGCATCGA,CTCCTGACGGTCAGGTCGGA,RM046-04;R544;LRR-I
SY16235-USR-33088-056,LOC_Os09g17910,CTGCGGCCTGGACGGCAACTATAGCAGCGGCTACAAGGACCCCGACGAAGGCATCACCTACGTCCCCGACGGCACGTACGTCGACGCCGGCGAGAACCACAGGGTGGCCGCCGACCGAGAGAGCGGGCGGCTGCGC,CCCGACGAAGGCATCACCTACGT,GCAGGTTTCCTCAGCATCGA,CTCCTGACGGTCAGGTCGGA,RM046-08;R544;LRR-I
SY16235-USR-33088-057,LOC_Os09g17970,GGTGGCAAGTGGGTTGTGTTGGCCGGGTATGCTCGTGGCCATGGGTGCCGGTGGCGTGATGGCAAGCGGGTCGACGGTGGGCTGCCCTGCCCC,CCGGGTATGCTCGTGGCCATGGG,GTGCGGCAACAAATGACGTT,ACACCTGCCACCATCACTGA,RM046-52;R545;LRR-I
SY16235-USR-33088-058,LOC_Os09g17890,ACGTTGGCACCCGAGACATGTGAAAGGCGATTCGGACCAAGTATGTGATAGATTAAACCAATATTATGGATCTAGATGTGTGATTTATAAGTCTA,CCCGAGACATGTGAAAGGCGATT,GTTTGCTACCATGGACAACC,CAAGGTGTCACTTAGATCCG,RM046-16;R546;LRR-I
SY16235-USR-33088-059,LOC_Os09g17890,ACGTTGGCACCCGAGACATGTGAAAGGCGATTCGGACCAAGTATGTGATAGATTAAACCAATATTATGGATCTAGATGTGTGATTTATAAGTCTA,CCCGAGACATGTGAAAGGCGATT,GTTTGCTACCATGGACAACC,CAAGGTGTCACTTAGATCCG,RM046-43;R546;LRR-I
SY16235-USR-33088-060,LOC_Os09g17890,ACGTTGGCACCCGAGACATGTGAAAGGCGATTCGGACCAAGTATGTGATAGATTAAACCAATATTATGGATCTAGATGTGTGATTTATAAGTCTA,CCCGAGACATGTGAAAGGCGATT,GTTTGCTACCATGGACAACC,CAAGGTGTCACTTAGATCCG,RM046-48;R546;LRR-I
SY16235-USR-33088-061,LOC_Os09g19380,CGATGTGAAGACCAGCAATATTCTTTTGGATCAAAATCTACATGCTAAAATAGCAGATTTCGGACTTTCTAAAATTTATCTTAGCGACACGCAATCGGGCTTGTCAACCACTGTAGCTGGAACCATGGGCTACATTGACCCAGAGTAT,TATCTTAGCGACACGCAATCGGG,AACAGGCCAATAATTCACCG,GTGGATGTAGAACGAAGCAC,RM046-05;R547;LRR-I
SY16235-USR-33088-063,LOC_Os09g19229,TCCTTTTCCTCGCTGCAATCGTGTTAGCCGCCGCGTCTCCTGCCGTCGGCCAGCTGC,CCTCGCTGCAATCGTGTTAGCCG,CTGCTAAACAATGGCACTCT,TAGCTCGGATGAACCTGCTG,RM046-59;R549;LRR-I
SY16235-USR-33088-064,LOC_Os09g19390,CGGCAATGGCGGGAGACGACAGTGGCACCAACCGCTCCTACCAGGATCGATGGGATCTGGGGCACCTA,TGGCACCAACCGCTCCTACCAGG,GGTGTCGGTGCCAGTAGGAA,AGGATCCTCTCGATCTCCAC,RM046-58;R550;LRR-I
SY16235-USR-33088-065,LOC_Os09g18530,GTGACCCATGTCTACCCAAGGAATCTATATGGACTGGATTGCAATGTAGGCAAGACGGGGTTGAATCCAAAATAATATCCTTGTAAGTTTAATATATATTGATAACTTCATTGTCTTGATTTTGAAATCTTTAATTGAATAGTTTGTTTTTTTCTAAAAGTACTAACATAGACTTT,CCAAGGAATCTATATGGACTGGA,CAAGTGAAGAAGAACTGGATGG,TACTGTAAGACAGGTCTCTGTG,RM046-19;R552;LRR-I
SY16235-USR-33088-066,LOC_Os09g18530,GTGACCCATGTCTACCCAAGGAATCTATATGGACTGGATTGCAATGTAGGCAAGACGGGGTTGAATCCAAAATAATATCCTTGTAAGTTTAATATATATTGATAACTTCATTGTCTTGATTTTGAAATCTTTAATTGAATAGTTTGTTTTTTTCTAAAAGTACTAACATAGACTTT,CCAAGGAATCTATATGGACTGGA,CAAGTGAAGAAGAACTGGATGG,TACTGTAAGACAGGTCTCTGTG,RM046-51;R552;LRR-I
SY16235-USR-33088-067,LOC_Os09g19160,CCACTGGTTTTCGATGTCCATATGGGGCTTCATTTCTGGGACCGGATCAGTGTCAGTAA,CCATATGGGGCTTCATTTCTGGG,GGAATGATCTTGTCAGCTCG,CGATGTAAGTCTTGGCTGAG,RM047-06;R553;LRR-I
SY16235-USR-33088-068,LOC_Os09g19160,CCACTGGTTTTCGATGTCCATATGGGGCTTCATTTCTGGGACCGGATCAGTGTCAGTAA,CCATATGGGGCTTCATTTCTGGG,GGAATGATCTTGTCAGCTCG,CGATGTAAGTCTTGGCTGAG,RM047-44;R553;LRR-I
SY16235-USR-33088-069,LOC_Os09g18594,AAATCAATAAGACAATTCTTTGCTTAATTTTTTTTATGCAGAGATCTATCAGGAAACCAACTAAATGGTACATTCCCTGAAGCATTATGCAAA,CCAACTAAATGGTACATTCCCTG,AAGTCGCTCAGTTAAGTTATGC,CTCAATGTGAGCGCTCGATT,RM047-01;R554;LRR-I
SY16235-USR-33088-070,LOC_Os09g18594,AAATCAATAAGACAATTCTTTGCTTAATTTTTTTTATGCAGAGATCTATCAGGAAACCAACTAAATGGTACATTCCCTGAAGCATTATGCAAA,CCAACTAAATGGTACATTCCCTG,AAGTCGCTCAGTTAAGTTATGC,CTCAATGTGAGCGCTCGATT,RM047-17;R554;LRR-I
SY16235-USR-33088-071,LOC_Os05g15720,TTACTATATACACTATTAATCGGGAACAGAAGAATGTAATTTTGAATGTTTCAATGTCTCAGTGGGAGGCCGCCTTTGTGGTCACCTTAAGCTTGTTGTTTTGCATCCATGGTCAACT,TGAATGTTTCAATGTCTCAGTGG,TGGAGGATCGTATTCTTCATTG,GAGGGCTTACCAAGATTGTCT,RM047-15;R555;LRR-I
SY16235-USR-33088-072,LOC_Os05g15720,TTACTATATACACTATTAATCGGGAACAGAAGAATGTAATTTTGAATGTTTCAATGTCTCAGTGGGAGGCCGCCTTTGTGGTCACCTTAAGCTTGTTGTTTTGCATCCATGGTCAACT,TGAATGTTTCAATGTCTCAGTGG,TGGAGGATCGTATTCTTCATTG,GAGGGCTTACCAAGATTGTCT,RM047-67;R555;LRR-I
SY16235-USR-33088-073,LOC_Os11g47490,TATCTGGAGAATGGAACTCCCGTTGCCGTGAAGATGAGATCACAAACATCCTCTCAAGGGAATACAGAGTTT,CCGTTGCCGTGAAGATGAGATCA,TTGGGCCTGTATACATTGGT,TGTATGTGTACCTCAGCCAA,RM047-52;R556;LRR-I
SY16235-USR-33088-074,LOC_Os11g47490,TATCTGGAGAATGGAACTCCCGTTGCCGTGAAGATGAGATCACAAACATCCTCTCAAGGGAATACAGAGTTT,CCGTTGCCGTGAAGATGAGATCA,TTGGGCCTGTATACATTGGT,TGTATGTGTACCTCAGCCAA,RM047-58;R556;LRR-I
SY16235-USR-33088-075,LOC_Os08g40650,CCATTGTTCCACCGAGTCATAGTCGCTCCATTTGCTCATTTGGAGGTGAGTTTGGGTCCACCTTT,CCACCGAGTCATAGTCGCTCCAT,GAGTCTACCACAAGGCTCCA,AGAGGGTCTGGACAGAAATAC,RM047-09;R557;LRR-I
SY16235-USR-33088-082,LOC_Os09g09220,CCGTCGCCGTCGCCGGCGGCTTGCTACAGGCAGCTCGCGGGCAGCCCGACAGCAACGGTTTCATAAGCATAGACTGCGGCCTGTCAGGGAAGGCCGGCTACGTCGACA,GCATAGACTGCGGCCTGTCAGGG,TACATCTTCTCATCGTCCTCG,GTAGGACAACTTGGTGGCGT,RM047-45;R561;LRR-I
SY16235-USR-33088-083,LOC_Os01g03370,CTGCTTCGCCGACGGCGTATTCCAATCTCGTGCACAGCCAGA,CCGACGGCGTATTCCAATCTCGT,CCGTGGTTGCTTCTTCTTCT,GATACTATTAGTTGTACCTTTGCTG,RM047-30;R562;LRR-I
SY16235-USR-33088-084,LOC_Os05g45010,AAGTGATCTAAGGGGTGATATATCGTCTTCCTTCGCGAATCTCAAGGGAGTCCAATACTTGTATGTTCTAAGCTCTTTATAAGCTTTTTTTGGAGGGGATTTCTGTCATAAATATATATGGGGGAAAAACTGGGTCCATGT,CCTTCGCGAATCTCAAGGGAGTC,CTCCATGCAGAAATCTGTCCTC,GTTGTTTGACAAATTCCTGCAAA,RM047-19;R563;LRR-I
SY16235-USR-33088-085,LOC_Os05g45010,AAGTGATCTAAGGGGTGATATATCGTCTTCCTTCGCGAATCTCAAGGGAGTCCAATACTTGTATGTTCTAAGCTCTTTATAAGCTTTTTTTGGAGGGGATTTCTGTCATAAATATATATGGGGGAAAAACTGGGTCCATGT,CCTTCGCGAATCTCAAGGGAGTC,CTCCATGCAGAAATCTGTCCTC,GTTGTTTGACAAATTCCTGCAAA,RM047-54;R563;LRR-I
SY16235-USR-33088-086,LOC_Os05g44940,CCTCGCCACCGCCACCGCCGGCGTACTCCAAGCTCGTGCCCAGCCTGACAGCAAAGGTACGTAGTACAATCCTAGTATCCTACCT,CCGGCGTACTCCAAGCTCGTGCC,GTCGTCGTTGTTTCTTCTCTG,GCATTGCGCGCATTACTATG,RM047-04;R564;LRR-I
SY16235-USR-33088-087,LOC_Os05g44940,CCTCGCCACCGCCACCGCCGGCGTACTCCAAGCTCGTGCCCAGCCTGACAGCAAAGGTACGTAGTACAATCCTAGTATCCTACCT,CCGGCGTACTCCAAGCTCGTGCC,GTCGTCGTTGTTTCTTCTCTG,GCATTGCGCGCATTACTATG,RM047-14;R564;LRR-I
SY16235-USR-33088-094,LOC_Os01g59570,ATGGAAACTACGATGGGCTCAACTCGTCAGAGAAGGGTTCTTTGTTTATCTTTGGACTCCATATCGGTGTCAACTTCTGGACGACGGTAAACTTGACAAAGTGGGATCCATCGAGCACGGTATGGAAAGAGGTGATCACGGTTGCTCCGGA,CCATATCGGTGTCAACTTCTGGA,CATCAGAGCCACCTTCACTT,AGACAGACAGATACGGACTTG,RM048-12;R568;LRR-I
SY16235-USR-33088-095,LOC_Os01g59550,CACAATACCGTCCACTAGTGGTAAGAAGTATCTCATCAGAACAACCTTCACTTACGGAAACTACGATGGACTCAGGTCGTCAGAGAACGGTTCCTTATTTCTGTTTGGACTC,TTCACTTACGGAAACTACGATGG,GATGGCCAACGCAACTGTTA,CAGAAGTTGACGCCGATGTG,RM048-01;R570;LRR-I
SY16235-USR-33088-096,LOC_Os01g59550,CACAATACCGTCCACTAGTGGTAAGAAGTATCTCATCAGAACAACCTTCACTTACGGAAACTACGATGGACTCAGGTCGTCAGAGAACGGTTCCTTATTTCTGTTTGGACTC,TTCACTTACGGAAACTACGATGG,GATGGCCAACGCAACTGTTA,CAGAAGTTGACGCCGATGTG,RM048-05;R570;LRR-I
SY16475-USR-33643-001,LOC_Os11g01200,GCTACACCATGAATGTCAGGAACAGAACACGTTACCTTGTTAGAGCAACCTTCCTCTACGGCAACTTCGACAACAGCAATGTCTACCCAAAGTTTGATCTCTCCCTTGGACCGACC,CCTCTACGGCAACTTCGACAACA,CCAGCAGATAACAGGAAGTATT,ATGACAACGGTGGTCCATGG,RM048-10;R571;LRR-I
SY16475-USR-33643-002,LOC_Os12g01200,ACTGATGAAAAACAGTTCTTTCTTAGACTCTCTGCGAGGATCAATTTTGGTGCTGAAAGCAATGCATCAGTCAGGTATGCGCTACTACTGCTG,TCTTTCTTAGACTCTCTGCGAGG,ACGGCTCCCTCTACTACACC,AAGTATGAACAATGGTGCTACG,RM048-07;R572;LRR-I
SY16475-USR-33643-003,LOC_Os08g04420,GCGCCAATGGTGTTAATGCTTGCACGATACTCTCGAACTCCACTACGGGGCAGGAATCGCCAAGGGAGGTTGAAGATCGCGGA,CTCGAACTCCACTACGGGGCAGG,GGCATCGACGATTCCCATCC,CCTTCCAGCCACATAGATGC,RM048-02;R574;LRR-I
SY16475-USR-33643-016,LOC_Os01g65650,TTGGAATATCACTCTCCAACGCCTCACTATCAGGAACTATATCGTCGTCGTTTTCTCTTCTTTCCCAACTACGTACGCTGGAGCTTGGTGCA,CTCTCCAACGCCTCACTATCAGG,CCAAACTTCTGGTGGTGTCA,AATAGTGCCTGAGATGGAGTT,RM064-30;R758;LRR-XI
SY16475-USR-33643-019,LOC_Os06g10230,TTTGCATTCAGGGTCGACGCTGCTGGAGATCAAGAAGTCCTTCCGCAATGTGGACAACGTACTGTACGATTGGGCCGGCGGCGACTACTGCTCGTGGCGCGGCGTCCTCTGCGACAACGTCACCTTCGCCGTCGCCGCGCT,CCGGCGGCGACTACTGCTCGTGG,TCTGTGTTCTAATGTGGCTGTA,ACTCGGTGGTGTTCTTCTTAC,RM064-38;R764;LRR-XIII
SY16475-USR-33643-021,LOC_Os06g47720,GTAAGGAGATGGGTTGCCACCAGGTCGTCGTTACGGGAGTTCTTGTGCTGGTTTTGGCCGCC,TGCCACCAGGTCGTCGTTACGGG,GATCATCATGCCACGATAGAGA,CTGCACGATCGCTGACGGA,RM065-05;R777;LRR-X
SY16475-USR-33643-023,LOC_Os02g41890,CCAACCAACTCCTTGAATCAAAGCTACTGTGACCCTGGTGATGCTAGTGCACTGCTGGGCTTCATGCAAGGTCTCAGCGGAAGCGGCAGCGGCTGGACG,AATCAAAGCTACTGTGACCCTGG,TCCACCTGCTGTTCCTCTTC,TCAGAAGTGGCATTTGGGAC,RM066-25;R781;LRR-X
SY16475-USR-33643-025,LOC_Os04g57630,CCGCCGGGATGGTCGGGTGGGGCCCCGGCGACGCCGCCTGCTGCTCGTGGACGGGCGTGTCCTGTGATCTCGGGAGGGTGGTGGCGCTGG,CGTGTCCTGTGATCTCGGGAGGG,GATGGCCTGGACACGAAGG,GAGGCTCCGGTTGGAGAGAT,RM066-12;R782;LRR-X
SY16475-USR-33643-029,LOC_Os11g14420,TGGCATCCTAATGAAAACAAGATTCTTTCTCTTCATCTTGGCAGCATGGGTCTTAAGGGCCATTTCCCTGATGGGCTTGAGAATT,TCTTGGCAGCATGGGTCTTAAGG,GATTCAATGGCGTGGAGTGC,TCCAGTGAAGTCATGCTACTAC,RM067-47;R794;LRR-X
SY16475-USR-33643-030,LOC_Os11g14420,TGGCATCCTAATGAAAACAAGATTCTTTCTCTTCATCTTGGCAGCATGGGTCTTAAGGGCCATTTCCCTGATGGGCTTGAGAATT,TCTTGGCAGCATGGGTCTTAAGG,GATTCAATGGCGTGGAGTGC,TCCAGTGAAGTCATGCTACTAC,RM067-51;R794;LRR-X
SY16475-USR-33643-031,LOC_Os05g34270,ATCCGCAGCAAGTGCTCGATGACAGATCATTATTATGCTCCTCTGAGGCTTATTCTTCTCTTGATATTGAGTGCCACCTGTTTTG,CCTCTGAGGCTTATTCTTCTCTT,GTCAAGGAGAGGTGGCATTA,ACTGAACATCAAGTTCAGAGC,RM067-30;R795;LRR-X
SY16475-USR-33643-032,LOC_Os06g04370,GTGCGACAGCGGCGGCCGCGTGACGGCCATCTCGCTGCAGGGCCGCGGGCTCTCCGGGACCCTCCCTCCGGCGATCGCCGGGCTCCGGCGGCTCACCGGGCTGTAC,CTGCAGGGCCGCGGGCTCTCCGG,CTCGTTCGTCGGCGTGAC,TTGATGCCGTTGTAGTGGAG,RM067-10;R801;LRR-IV
SY16475-USR-33643-033,LOC_Os11g19490,ATGAGCATCCAACTACAATAGAAGTGAATATGCATGGTACGGCTAGCCACAGTGAAAAGCGTCCCAAACATGTCTGTGATTAGCACGATACCCAGGGCAATGATCAGAGGCCAGTTCCCTGTCCTTGTGGTAGCTATGGTTGAATGGGCAGCT,CTGTGATTAGCACGATACCCAGG,ACTGGTGGTAACTGATGACTG,TTGTTGTAGCACAGGCAGAA,RM067-14;R803;LRR-III
SY16475-USR-33643-034,LOC_Os11g19490,ATGAGCATCCAACTACAATAGAAGTGAATATGCATGGTACGGCTAGCCACAGTGAAAAGCGTCCCAAACATGTCTGTGATTAGCACGATACCCAGGGCAATGATCAGAGGCCAGTTCCCTGTCCTTGTGGTAGCTATGGTTGAATGGGCAGCT,CTGTGATTAGCACGATACCCAGG,ACTGGTGGTAACTGATGACTG,TTGTTGTAGCACAGGCAGAA,RM067-35;R803;LRR-III
SY16475-USR-33643-038,LOC_Os11g29510,AAAGTTGCTATCAAAATTTCTAAAAGGAAGGATGAGTATGTCCGGATTATGTGGAAGGTAATAATTGCCATGAAATTAATTGGTGCAGTAATGCATTTGCTGCATTATTAT,ATGAGTATGTCCGGATTATGTGG,ACTATGCAAATTGCCCTCGA,ATCTACCCAAACACGCTTGA,RM068-31;R807;LRR-III
SY16475-USR-33643-042,LOC_Os02g58390,CTCTTCTTCATGTGGTCGTCTCACTCTCACCTTGGCGCCGCCTCCGACGCGGACGCGCTGCTCGCC,TGGTCGTCTCACTCTCACCTTGG,GCCTCTTCTTCCTCTTCCTC,GTCGAGGGCGGACTTGAG,RM068-01;R810;LRR-III
SY16475-USR-33643-043,LOC_Os02g58390,CTCTTCTTCATGTGGTCGTCTCACTCTCACCTTGGCGCCGCCTCCGACGCGGACGCGCTGCTCGCC,TGGTCGTCTCACTCTCACCTTGG,GCCTCTTCTTCCTCTTCCTC,GTCGAGGGCGGACTTGAG,RM068-06;R810;LRR-III
SY16475-USR-33643-044,LOC_Os09g20970,GTCTTTGCCGGTCGGGTGCTCGCGATAGTAGCGTTGCTGCTGGCGTGCTGCTGCATGGCGGCGGCGGCGCAGGGCGGGGAGGGGGCTAGGGTGAGGGA,CCGGTCGGGTGCTCGCGATAGTA,TGGAGAAGAGTAAGGTCGTC,TCAGGAATCCGATGAGCGAC,RM068-26;R812;LRR-III
SY16475-USR-33643-045,LOC_Os11g40550,GCGTCGCTGATCGACCCGACGAACGCGCTAGAGGCGTGGTCGCCGTCGTCGCCGTCGCCGCCGTGCGATGAAACACACCGGTGGCCAAGGGTGCAGTG,CGACCCGACGAACGCGCTAGAGG,CGCTCCTCCGGCTCAAG,CGATGAGGACGCCATTGTAG,RM068-54;R814;LRR-III
SY16475-USR-33643-046,LOC_Os05g38010,GGGATGGAAGGGCGCGAGGGTGGGGAGCTCGGGTCGGCGTACAAGGCCGCCATGCGCAACAGCGTCACCATCACCGTGAAGCGGATGCGCGACATGAACCGCGTCAAGTTCGAG,GCGTCACCATCACCGTGAAGCGG,AGGTTATCGGCGTTGTTGTT,CCGAGCATCTGGATGTGCTC,RM068-10;R815;LRR-III
SY16475-USR-33643-049,LOC_Os10g35040,GCGATGGCGGCGGTGGTGGAGGGTGTGGGGTGGCCAGAGCCGGAGCTGGAGGCGTTGCGCGACGAGCGGGGCGGGCTGGTGGCGCTGCGGGACGCGCTGCGGTCGGGGAGGGAC,CTGCGGGACGCGCTGCGGTCGGG,GTGGTGATTCTTGCGGCG,CCGTCCAGTTCGAGTGCAG,RM069-11;R820;LRR-III
SY16475-USR-33643-050,LOC_Os02g16790,CTCATGCGGGGCGCCGCGGAGATACTGGGCAAGGGCGCGACGGCGACGACGTACCACGTGGCCATGGGAGGC,CCGCGGAGATACTGGGCAAGGGC,GAGTTCGACGTGTGCACG,CGTCCACGATGACGTCGTC,RM069-51;R821;LRR-III
SY16475-USR-33643-051,LOC_Os01g04230,GCCGCCGACCGGTCAGGCGCGCTGGCGAGCTGGGACCTGGCAGCCAACCCAGCGCCGTGCGGGACGTGGCGGGGTGTCAGCTGCGCGGGTGGGCGGGTGACGAGGCTGGTGC,CCAACCCAGCGCCGTGCGGGACG,CTGTCGGACTTCCGGCTG,GACAGGCCGAAACCCTCGA,RM069-26;R823;LRR-III
SY16475-USR-33643-057,LOC_Os05g40200,ATAGCCTTTCTTTCTGCTTCGTTTTTGTTTCTGCACATCCCTTGTGCCAGATGTGCTGACCTAAACTCAGACAGGCAGGCCCTTCTTGCATTTGCTGCATCAGTGCCCCATGGTCGAA,GTGCTGACCTAAACTCAGACAGG,CAATGCAGCACCTTGTGCTC,TCGTGAGAGTCCAGTTGAGTT,RM070-32;R834;LRR-III
SY16475-USR-33643-058,LOC_Os05g40200,ATAGCCTTTCTTTCTGCTTCGTTTTTGTTTCTGCACATCCCTTGTGCCAGATGTGCTGACCTAAACTCAGACAGGCAGGCCCTTCTTGCATTTGCTGCATCAGTGCCCCATGGTCGAA,GTGCTGACCTAAACTCAGACAGG,CAATGCAGCACCTTGTGCTC,TCGTGAGAGTCCAGTTGAGTT,RM070-37;R834;LRR-III
SY16475-USR-33643-059,LOC_Os01g60330,GAACTCCGACAAGCAGGCTCTTCTTGCATTTGCTGCCTCACTGCCACATGGCAGGAAGCTCAACTGGAGCTCTGCAGCCCCAGTCTGCACTTCATGGGTTGGGGTGACTTGCACACCAGACAATAGCCGCGTGCA,CAGCCCCAGTCTGCACTTCATGG,CCTGCCAAGAGTGCTGATCT,CTGCTGGTAGGCGTAGTGTT,RM070-23;R835;LRR-III
SY16475-USR-33643-061,LOC_Os12g01700,CTTCTCCTCCTCCTTACTGTAACACTCCTCCCCTCGCTCGCTGCCGCCGCCGCCGCCCACCACCACCACCTCCACGACCACGCCGCAGGCGACGGCGTC,CCTCCTTACTGTAACACTCCTCC,GCCCACCATCGCTGCACA,GTAATCCGCCTGGCTGATGAC,RM070-21;R840;LRR-III
SY16475-USR-33643-062,LOC_Os03g56250,CGGCCTGCGCGGGTCGATCGGGGTGCGGGCGGAGTACTGGCCGGTGAAGCGCTATCCCTGCAGCTGGACTGGCGTCGTGTGCCGCGCCGGGCGCG,CCGGTGAAGCGCTATCCCTGCAG,GGACGTGCTCGCGCTCCA,TGAGACGGAGCTCCGCGA,RM072-29;R853;LRR-XIV
SY16475-USR-33643-065,LOC_Os05g48660,CAAGCTGTCGTGATCGGTTGCTCCTCACTGGACGAGCTACCCGTTCAGCTTAGCAACCGGAGGCTACTTCATGACAGAAATCACGCTGCTCTACTCTACAAAGATCATTTCCCAACA,CCTCACTGGACGAGCTACCCGTT,TGCTCGTGGTGCTGATTCTC,GGAAACGTCATGTTTCCAAC,RM072-08;R862;LRR-VI
SY16475-USR-33643-066,LOC_Os05g48660,CAAGCTGTCGTGATCGGTTGCTCCTCACTGGACGAGCTACCCGTTCAGCTTAGCAACCGGAGGCTACTTCATGACAGAAATCACGCTGCTCTACTCTACAAAGATCATTTCCCAACA,CCTCACTGGACGAGCTACCCGTT,TGCTCGTGGTGCTGATTCTC,GGAAACGTCATGTTTCCAAC,RM072-27;R862;LRR-VI
SY16475-USR-33643-067,LOC_Os01g48390,GGGTGATTGATTGGGAGCTCTTCTTGGTTGCTTGTGGTTGCAGGGTCGGCGCTGCTCAAGTTTCAGTCGAGGGTGGAGGAGGATCCGCATGGCGCCATGGCAGGTTGGAGCGAGCG,CGCTGCTCAAGTTTCAGTCGAGG,CTGCGTTCATTATTAGGTCTGT,AACTGCAAGGATCGCCATCC,RM072-04;R863;LRR-VI
SY16475-USR-33643-068,LOC_Os01g48390,GGGTGATTGATTGGGAGCTCTTCTTGGTTGCTTGTGGTTGCAGGGTCGGCGCTGCTCAAGTTTCAGTCGAGGGTGGAGGAGGATCCGCATGGCGCCATGGCAGGTTGGAGCGAGCG,CGCTGCTCAAGTTTCAGTCGAGG,CTGCGTTCATTATTAGGTCTGT,AACTGCAAGGATCGCCATCC,RM072-05;R863;LRR-VI
SY16475-USR-33643-069,LOC_Os04g58700,TTGGGGCGGTGCTTCCTCCGTCCTCCGGCTCCTCCTCGCGTTGCAGTGCGGGGTGGTGGTGGTGGTGTTGCAGTGCTCGGCGAATGCGTTGGGCAGTGACGGTGAGTGTTGTCGCTTGCGCGGTTGCGCCGTGTATGTGTGT,GCAGTGCTCGGCGAATGCGTTGG,CGTTCGGAGATGAGGCATTG,AACACCAAGTCAGTGGAAGA,RM073-20;R865;LRR-VI
SY16475-USR-33643-070,LOC_Os04g45170,GGGGCTCGGCTGCGCGCTGCTCGTCGCGCCCTCGGAATCAGCTGCAGATGACGGTATCAATTGCCCTTCCCATGTGTATTGTATGTATCTATTTTTCCATCTTTTGTGCCGTTCGTTTCT,CCTCGGAATCAGCTGCAGATGAC,AGTCTCCCTCCTCGTCGC,AACAACGCAACAACTTCTCA,RM073-43;R866;LRR-VI
SY16475-USR-33643-071,LOC_Os11g20360,CCTGTTTGATGTTATTCCCAAGAAGCGAGCAGTCCTCGCAGGGTGAGGTGCTGCAGCAGCTAAGGAAGCAGCTGGAGTACCCAA,CCTCGCAGGGTGAGGTGCTGCAG,TGCGGCTTTCATGATCGCAA,ATTCCATACATCCAGCTGCC,RM073-42;R867;LRR-VI
SY16475-USR-33643-072,LOC_Os03g57780,CCGCCGGTGCTGAGCCACTGGCGCCGGACCACCGACTTCTGCGGCGGCGGCGGCACGGCGGCGCCGTCGGCGGCCGTGGTGTGCTACGGCGACACGGTGACGCAGCTGCACATCGCCGGCGTCCGCGGCGCGCCGCCGCTCCCG,TCGGCGGCCGTGGTGTGCTACGG,TCCAGCAGATGCTGAACCAC,GCGCCGATGGAGAAGTTCAT,RM073-49;R869;LRR-VI
SY16475-USR-33643-073,LOC_Os07g14820,GTGCAGCTGGGAGGGCGTCTCGTGCAGCTCCAAGAACCCACCACGCGTCACCGCCATTGATCTAGTAGGTCTAGTAGGTCGCATCTCTCCTTCGCTCGGGAACCTAACATTC,ATTGATCTAGTAGGTCTAGTAGG,GAACAGCAGCAACCACCT,GCCAGGGAGAGGTTCCTGAG,RM082-49;R975;LRR-XII
SY16475-USR-33643-074,LOC_Os11g07180,TGTTCTTGGTTTGCAGTGCACATGTTGTCATCTGCTCCTCTAATGGAAATGAAACAGATCGGTTATCACTGCTTGAATTCAAGAA,GTTGTCATCTGCTCCTCTAATGG,ACCCGGGAAATTTCTCTTGG,TGTGGATCAAGAGTGATAGCA,RM082-08;R982;LRR-XII
SY16475-USR-33643-078,LOC_Os01g05870,CGGCAGCGCCGGGCCGTGCAGCTGGGAGGGCGTGGCGTGTGGCCGGCACGGGCGGGTGGTGGCGCTTAGCCTGCCCGGCCATGATCTCTCGGGGACCCTGTCGCCGGCCGTCGGCAACCTGACGTCGTTGCGGAAACTTG,GTGGTGGCGCTTAGCCTGCCCGG,CGTGCTTGCGTCGTGGAA,CAGCCAGTTGTAACTCAGGT,RM083-22;R987;LRR-XII
SY16475-USR-33643-079,LOC_Os01g05640,ACCGGCACGCTCCCGCCGGCCGTCGGGAACCTCACCTTCCTACGGCGGCTCAACCTGAGCTCCAACCAGCTGCACGGCGAGATACCTCCGGCCGTCGGCCGGCTCCGGC,TCGGGAACCTCACCTTCCTACGG,CTGCCGTCGAGCAACCTC,CCATATCGAGGACCAGGAGAC,RM083-38;R990;LRR-XII
SY16475-USR-33643-080,LOC_Os01g05960,GACGCCGATCGTTGCAGCCGTCGCTGGTGGTGGCAGCAGCAGCAGCAGCGATGAGGCCACGTTGCTTGCCTTCAAGGCAGCGTTCAGGGGGAGCAGCTCAAGTGCGCTCGCCTCCT,TTGCCTTCAAGGCAGCGTTCAGG,ATTATCCCTCGTCCTCATCCT,GAAACTGGTGCTGCTGTTCC,RM083-06;R991;LRR-XII
SY16475-USR-33643-081,LOC_Os01g05960,GACGCCGATCGTTGCAGCCGTCGCTGGTGGTGGCAGCAGCAGCAGCAGCGATGAGGCCACGTTGCTTGCCTTCAAGGCAGCGTTCAGGGGGAGCAGCTCAAGTGCGCTCGCCTCCT,TTGCCTTCAAGGCAGCGTTCAGG,ATTATCCCTCGTCCTCATCCT,GAAACTGGTGCTGCTGTTCC,RM083-08;R991;LRR-XII
SY16475-USR-33643-082,LOC_Os01g33950,ACACTCTGGCCGGTGCCTTCTTCCTCACTTCCTGACGAGTACAGTGACAGAGAAGCACTACTGCAATTCAGGGCGGCGC,CCTGACGAGTACAGTGACAGAGA,CACTGCTGATGCTCCTCCTC,CAACTGGTCTGACACTGACA,RM083-05;R993;LRR-XII
SY16475-USR-33643-083,LOC_Os10g22860,TGGCATCAGCTTCATGTACTCAAGGATTGCCTTTCAGCAATAACACTGATCTGGATGCCTTGCTAGGATTCAAGGCAGGTCTAAGCCATCAGTCAGATGCACT,GCCTTGCTAGGATTCAAGGCAGG,TCTTGCCATATCTGCTCCTAC,TTGTTGTGTTCCATGAAGCC,RM083-07;R996;LRR-XII
SY16475-USR-33643-084,LOC_Os11g36190,AAGTTTCATGGTAGTATCCCTACGTCGATTGCCAATGCTTCCCATCTGTGGTTGGTTCAGCTTGGTGCTAACTTC,CCCTACGTCGATTGCCAATGCTT,GCTTATAGGAATGGACCACAAC,GGAGGAACGATACCGCTTAA,RM084-55;R998;LRR-XII
SY16475-USR-33643-085,LOC_Os11g36180,GCGAGATCACCAACGTCGGTCATGATCTCTTCTTTGCTGCTGCTGCTGTTGATCGGCCCAGC,CCAACGTCGGTCATGATCTCTTC,TCCTCCTCCGCATGCATG,CAGCAGCATCGTCACTGCTC,RM084-12;R1001;LRR-XII
SY16475-USR-33643-086,LOC_Os10g18990,AGCCCTTGATCTGTCAAACAACAGGTTACAAGGTGAGATCCCCCATGACCTTGGCAGCTGCGTCGCACTGCGTGCCATC,CCCATGACCTTGGCAGCTGCGTC,AGCAACCTCACCTATCTCCA,AGGGAGTTGACACTCAAGTT,RM085-29;R1011;LRR-XII
SY16475-USR-33643-087,LOC_Os08g14950,CTGTCTTCTGCCAATGGACCGGCGTGACTTGCAATGATCGCCAATACCCCAGTCGTGTTACCACTCTCAATCTGAGAGATGCTGGCCTAACCGGCACCATCTCCCAGCAGCTTGGCAACCTGACTCACCTCC,CCCCAGTCGTGTTACCACTCTCA,TGGTACCAACATGACAGCAC,GGCTGACAGATCAAGGACAT,RM085-47;R1012;LRR-XII
SY16475-USR-33643-088,LOC_Os08g14990,TTCAAATCCCTCATAAGGGATGACCCAAGAGAGGTGATGTCATCTTGGGACACCGCTGGCAATGGTACAAACATGCCAGCACCTGT,CCTCATAAGGGATGACCCAAGAG,ATCTCTCAGCACTCTTGTCA,CACCAGTCCATTGGCAGATG,RM085-15;R1013;LRR-XII
SY16475-USR-33643-089,LOC_Os08g14940,TTGGTTGCTCTCTCTTCTCACACATGCCATCCTATTGTTCACAGCCAGCTCTCAGTCCATCAATGGAGATGACCTCTCAGCACTCCTGTCATTCAAATC,CCAGCTCTCAGTCCATCAATGGA,AATCAAGAGGACATGGCAACT,TTGGGTCGTTCCTTATGAGG,RM085-28;R1014;LRR-XII
SY16475-USR-33643-090,LOC_Os09g25540,TCGTGTTCGTCATCGCCGCAGCGGCTGCCGCGGTGGATAGGCGTCGGCCAGCCGAGGCGATCGTCGGCGGGTGGCGGCAGCGGCGGCGG,CGGCCAGCCGAGGCGATCGTCGG,CCTCCTCCTCCTCCTACATC,TCCTGCATCAGAGCCTGGAG,RM085-02;R1015;LRR-XII
SY16475-USR-33643-091,LOC_Os09g25540,TCGTGTTCGTCATCGCCGCAGCGGCTGCCGCGGTGGATAGGCGTCGGCCAGCCGAGGCGATCGTCGGCGGGTGGCGGCAGCGGCGGCGG,CGGCCAGCCGAGGCGATCGTCGG,CCTCCTCCTCCTCCTACATC,TCCTGCATCAGAGCCTGGAG,RM085-27;R1015;LRR-XII
SY16475-USR-33643-092,LOC_Os06g08690,TTCATTTTCTTCCTCCTCGACGGCTCGATACCGACTCTCGGGTCAAATGACCATTCCGCGCTTATGTCCTTCAAGTCTGGTGTGTCTAATGATCCT,ACGGCTCGATACCGACTCTCGGG,GTCTTCGTCTTCGTCTTCATC,CAGTTGGCGAGTGCTCCATT,RM085-07;R1017;LRR-XII
SY16475-USR-33643-093,LOC_Os01g49910,TCAAACATTACCCTCCAATCTTTGAGAGGGAACACAGCACTCTGTGGTCTTCCACGCCTTGGTTTCCCCCATTGCAAA,AGAGGGAACACAGCACTCTGTGG,TCCCAAATGGTGGTGTGTTC,CCCTGAAGAGGATGGTCATT,RM085-26;R1018;LRR-XII
SY16475-USR-33643-096,LOC_Os11g47290,GCGTGTCGTGCAGCCGCCGCCGGCAGCGCGTCACCGCCCTGGAGCTGCCGGGCATTCCCCTGCAAGGGTCGATCACCCCTCA,CCGGGCATTCCCCTGCAAGGGTC,CTGCTTCTGCCAGTGGATCG,GGAAAGAGAGGTTACCGAGG,RM086-06;R1023;LRR-XII
SY16753-USR-34131-001,LOC_Os11g47030,TTCTATGGCCTGGCTGTTACTTCCACGCAACAGCATTCGTATGCTCATGCTTGTACTCCAATTGACAGTACTACTGGTTGATTCTACTTCCCGCCTGCACGGC,CCTGGCTGTTACTTCCACGCAAC,GGAACGCTTCTGCGTAATGC,CCATTGCTGCTGCTTCCAAC,RM086-41;R1025;LRR-XII
SY16753-USR-34131-002,LOC_Os11g47240,ACAGCATTCGTCTTCTCATGCTTGTACTGCCACTTACCATACCATATGCTTCTGGTTCCATCCCGCGTGACGGTGGTAGCAGCAGCAATGGCACCGGCGACGACCTGTCCGCGCTGCTGG,TCTGGTTCCATCCCGCGTGACGG,GGCTACTTCTTCCACCATTCA,GACAGCCGCGCTTTGAAAG,RM086-11;R1026;LRR-XII
SY16753-USR-34131-003,LOC_Os11g47160,CACTTTGTCCCCTGCGGTTGCTGCTGCTGCTGCTTCTCCTCCAGGGAGGAGCAAGAGCAATGGCAGCGACACCGATCTCGCTGCGCTGCTGG,CCCCTGCGGTTGCTGCTGCTGCT,GTGTCCGCTCTGCTGTTGAT,GGAGAGCTCGCCTTTGAAAG,RM086-08;R1029;LRR-XII
SY16753-USR-34131-004,LOC_Os11g47160,CACTTTGTCCCCTGCGGTTGCTGCTGCTGCTGCTTCTCCTCCAGGGAGGAGCAAGAGCAATGGCAGCGACACCGATCTCGCTGCGCTGCTGG,CCCCTGCGGTTGCTGCTGCTGCT,GTGTCCGCTCTGCTGTTGAT,GGAGAGCTCGCCTTTGAAAG,RM086-38;R1029;LRR-XII
SY16753-USR-34131-006,LOC_Os01g49920,TGTTGATGGGAACCAGCTCAGTGGGAACCTTGAATTCCTAGCTGCATTATCAAATTGCAGTAA,CCAGCTCAGTGGGAACCTTGAAT,TGTGGAATCTTCGTGACATCTA,ACATGCCAATTGTGTTCAGA,RM087-11;R1038;LRR-XII
SY16753-USR-34131-007,LOC_Os04g03210,CCATGCTCGATGTACAAAATCTCAATTTGGCTGGACAAATAAGCCCTGACATAGGTAACCTCTCAGCCCTCCAATCCATCTATCTACAAAAAAATAGGTTCATTGGCAAT,CCTGACATAGGTAACCTCTCAGC,CAATCGCCAAGGTAGAGTCT,CTGCCAAGCTGATCAGGGAT,RM087-20;R1040;LRR-XII
SY16753-USR-34131-008,LOC_Os04g15650,TTGTCCCATTATCTCTTTACAACATGTCATCACTCACATACTTTAGCCTGGGTAACAATCGC,ATCACTCACATACTTTAGCCTGG,ACTTACAATAGCTTGGTTGGTT,AGATGGTATCTGCCCAACAAG,RM087-61;R1041;LRR-XII
SY16753-USR-34131-009,LOC_Os04g15660,ATCTACAAACGAATTCTTTTGTTGGCAAAATTCCACTTCCTCGTAACATGGGGACTCTTCGATTTCTTGACCTTACTGGAAACTTGCTTTCTG,CCTCGTAACATGGGGACTCTTCG,ATCCAAGCTTGTCACTGTTG,GCTAGAGATGGTGGTATTCTTC,RM087-21;R1043;LRR-XII
SY16753-USR-34131-010,LOC_Os06g38590,AGTTGGCAGGGCATCACCTGCAGCTCCCAATCTCCTCGCCGTGCGATCGCCCTGGACCTCTCATCGCAAGGCA,CCGTGCGATCGCCCTGGACCTCT,ACACATCCATGGAGTTCTGC,AAGGTGGTATGGAGCCTGTGA,RM088-07;R1054;LRR-XII
SY16753-USR-34131-011,LOC_Os02g11930,TAAAAGAAGCACGCATGCTTCCTGAAGCTTACATCACAAGCACAAGTAGCTGCAGCCACACCAGTAGTATGATCAGCCCAACTAGTCCTGCACTGT,CCAGTAGTATGATCAGCCCAACT,GAGCAAGGTGCTTAGCCATA,CAAGGCAAGGAGGACTAGAA,RM089-20;R1058;LRR-XII
SY16753-USR-34131-012,LOC_Os02g12030,AATCTCTGATCCTAACGGAGCCTTAAGCTCATGGACCAATACTTCCCAGAACTTCTGCAATTGGCAGGGTGTTTCATG,CCAATACTTCCCAGAACTTCTGC,CTGCTCTGCTTCAAGTCTCA,GTTGGGTCTGTGTGTTGTTG,RM089-16;R1059;LRR-XII
SY16753-USR-34131-013,LOC_Os04g52780,AACTACTTCGCCGGCGGCATCCCGAGCAGCCTCTGCAACTGCTCGGCGATGTGGGCTCTCGCCCTGAACGTCAACAACCTCACCG,GAGCAGCCTCTGCAACTGCTCGG,AGCAGCTAGTCGTTTCTTCG,GATGCAAGAAGGGATTGCGC,RM089-12;R1063;LRR-XII
SY16753-USR-34131-014,LOC_Os01g33110,TCTAAAAAATCTTGTAAAGCTCAGTCTGTCCACTAATAGGTTGACTGGGGAGATACCACCTGAAATTGGCAAGTTAGTCAATCTAAATTTGATAGATTTAAGAA,GTCCACTAATAGGTTGACTGGGG,ATACCTTCTGAGCTTGGGAA,ACCTTCCCAGAAAGTTGATTGT,RM089-31;R1066;LRR-XII
SY16753-USR-34131-015,LOC_Os10g02970,CCGGAATCACATGCAGAGCTGCACATCAAGCTATGTCCTGGGTCATCACC,CTGCACATCAAGCTATGTCCTGG,CACAAGCCCCTGCAACTGGA,GCATCTGGCAAGGAGATGTT,RM089-15;R1068;LRR-XII